Level,HP,Defense,Attack,Crit Rate,Crit DMG,Speed,Coins,Wood,Steal,Boatswain,Gunner,Navigator,Explorer,Storage
1,1000,0,50,0,0,0,0,0,0,1,0,1,2,10
2,3010,505,84,0,0,0,1000,5,2,1,0,1,2,10
3,5020,1010,119,0,1,1,1057,5,2,1,0,1,2,10
4,7030,1515,154,0,1,1,1119,5,2,1,0,1,2,10
5,9040,2020,189,1,2,2,1184,6,2,1,0,1,2,10
6,11050,2525,224,1,2,2,1252,6,2,1,0,1,2,10
7,13060,3030,259,1,3,3,1325,7,2,1,0,1,2,10
8,15070,3535,293,1,3,3,1402,7,3,1,0,1,2,10
9,17080,4040,328,2,4,4,1483,8,3,1,0,1,2,10
10,19090,4545,363,2,4,4,1569,8,3,1,0,1,2,10
11,21101,5050,398,2,5,5,1660,9,3,1,0,1,2,20
12,23111,5555,433,2,5,5,1756,10,4,1,0,1,2,20
13,25121,6060,468,3,6,6,1858,10,4,1,0,1,2,20
14,27131,6565,503,3,6,6,1966,11,4,1,0,1,2,20
15,29141,7070,537,3,7,7,2080,12,5,1,0,1,2,20
16,31151,7575,572,3,7,7,2200,13,5,1,0,1,2,20
17,33161,8080,607,4,8,8,2328,14,5,1,0,1,2,20
18,35171,8585,642,4,8,8,2463,15,6,1,0,1,2,20
19,37181,9090,677,4,9,9,2605,16,6,1,0,1,2,20
20,39191,9595,712,4,9,9,2757,17,7,1,0,1,2,20
21,41202,10101,746,5,10,10,2916,19,7,1,1,2,3,30
22,43212,10606,781,5,10,10,3085,20,8,1,1,2,3,30
23,45222,11111,816,5,11,11,3264,21,9,1,1,2,3,30
24,47232,11616,851,5,11,11,3453,23,9,1,1,2,3,30
25,49242,12121,886,6,12,12,3654,25,10,1,1,2,3,30
26,51252,12626,921,6,12,12,3865,27,11,1,1,2,3,30
27,53262,13131,956,6,13,13,4089,29,12,1,1,2,3,30
28,55272,13636,990,6,13,13,4327,31,13,1,1,2,3,30
29,57282,14141,1025,7,14,14,4577,33,14,1,1,2,3,30
30,59292,14646,1060,7,14,14,4843,35,15,1,1,2,3,30
31,61303,15151,1095,7,15,15,5123,38,16,1,1,2,3,40
32,63313,15656,1130,7,15,15,5420,41,17,1,1,2,3,40
33,65323,16161,1165,8,16,16,5734,44,19,1,1,2,3,40
34,67333,16666,1200,8,16,16,6067,47,20,1,1,2,3,40
35,69343,17171,1234,8,17,17,6419,51,22,1,1,2,3,40
36,71353,17676,1269,8,17,17,6791,54,23,1,1,2,3,40
37,73363,18181,1304,9,18,18,7184,58,25,1,1,2,3,40
38,75373,18686,1339,9,18,18,7601,63,27,1,1,2,3,40
39,77383,19191,1374,9,19,19,8041,67,29,1,1,2,3,40
40,79393,19696,1409,9,19,19,8507,72,31,1,1,2,3,40
41,81404,20202,1443,10,20,20,9000,78,34,1,3,3,4,50
42,83414,20707,1478,10,20,20,9522,83,36,1,3,3,4,50
43,85424,21212,1513,10,21,21,10074,89,39,1,3,3,4,50
44,87434,21717,1548,10,21,21,10658,96,42,1,3,3,4,50
45,89444,22222,1583,11,22,22,11276,103,45,1,3,3,4,50
46,91454,22727,1618,11,22,22,11929,111,49,1,3,3,4,50
47,93464,23232,1653,11,23,23,12621,119,52,1,3,3,4,50
48,95474,23737,1687,11,23,23,13352,127,56,1,3,3,4,50
49,97484,24242,1722,12,24,24,14126,137,61,1,3,3,4,50
50,99494,24747,1757,12,24,24,14945,147,65,1,3,3,4,50
51,101505,25252,1792,12,25,25,15811,158,70,1,3,3,4,60
52,103515,25757,1827,12,25,25,16727,169,76,1,3,3,4,60
53,105525,26262,1862,13,26,26,17697,182,81,1,3,3,4,60
54,107535,26767,1896,13,26,26,18723,195,87,1,3,3,4,60
55,109545,27272,1931,13,27,27,19808,209,94,1,3,3,4,60
56,111555,27777,1966,13,27,27,20956,224,101,1,3,3,4,60
57,113565,28282,2001,14,28,28,22170,241,109,1,3,3,4,60
58,115575,28787,2036,14,28,28,23455,258,117,1,3,3,4,60
59,117585,29292,2071,14,29,29,24815,277,126,1,3,3,4,60
60,119595,29797,2106,14,29,29,26253,298,136,1,3,3,4,60
61,121606,30303,2140,15,30,30,27775,319,146,2,4,4,5,70
62,123616,30808,2175,15,30,30,29385,343,157,2,4,4,5,70
63,125626,31313,2210,15,31,31,31088,368,169,2,4,4,5,70
64,127636,31818,2245,15,31,31,32890,395,182,2,4,4,5,70
65,129646,32323,2280,16,32,32,34796,424,195,2,4,4,5,70
66,131656,32828,2315,16,32,32,36813,455,210,2,4,4,5,70
67,133666,33333,2350,16,33,33,38946,488,226,2,4,4,5,70
68,135676,33838,2384,16,33,33,41203,524,243,2,4,4,5,70
69,137686,34343,2419,17,34,34,43592,562,262,2,4,4,5,70
70,139696,34848,2454,17,34,34,46118,603,281,2,4,4,5,70
71,141707,35353,2489,17,35,35,48791,647,303,2,4,4,5,80
72,143717,35858,2524,17,35,35,51619,694,325,2,4,4,5,80
73,145727,36363,2559,18,36,36,54611,745,350,2,4,4,5,80
74,147737,36868,2593,18,36,36,57776,799,376,2,4,4,5,80
75,149747,37373,2628,18,37,37,61125,858,405,2,4,4,5,80
76,151757,37878,2663,18,37,37,64667,921,436,2,4,4,5,80
77,153767,38383,2698,19,38,38,68416,988,468,2,4,4,5,80
78,155777,38888,2733,19,38,38,72381,1060,504,2,4,4,5,80
79,157787,39393,2768,19,39,39,76576,1137,542,2,4,4,5,80
80,159797,39898,2803,19,39,39,81014,1221,583,2,5,5,5,80
81,161808,40404,2837,20,40,40,85710,1310,627,2,5,5,5,90
82,163818,40909,2872,20,40,40,90678,1405,674,2,5,5,5,90
83,165828,41414,2907,20,41,41,95933,1508,725,2,5,5,5,90
84,167838,41919,2942,20,41,41,101493,1618,780,2,5,5,5,90
85,169848,42424,2977,21,42,42,107376,1736,839,2,5,5,5,90
86,171858,42929,3012,21,42,42,113599,1863,902,2,5,5,5,90
87,173868,43434,3046,21,43,43,120183,1999,970,2,5,5,5,90
88,175878,43939,3081,21,43,43,127149,2145,1044,2,5,5,5,90
89,177888,44444,3116,22,44,44,134518,2302,1122,2,5,5,5,90
90,179898,44949,3151,22,44,44,142315,2470,1207,2,5,5,5,90
91,181909,45454,3186,22,45,45,150563,2651,1298,2,5,5,5,100
92,183919,45959,3221,22,45,45,159290,2844,1396,2,5,5,5,100
93,185929,46464,3256,23,46,46,168522,3052,1502,2,5,5,5,100
94,187939,46969,3290,23,46,46,178290,3275,1615,2,5,5,5,100
95,189949,47474,3325,23,47,47,188623,3514,1737,2,5,5,5,100
96,191959,47979,3360,23,47,47,199556,3771,1868,2,5,5,5,100
97,193969,48484,3395,24,48,48,211122,4047,2009,2,5,5,5,100
98,195979,48989,3430,24,48,48,223358,4342,2161,2,5,5,5,100
99,197989,49494,3465,24,49,49,236304,4659,2324,2,5,5,5,100
100,200000,50000,3500,25,50,50,250000,5000,2500,2,5,5,5,100